,products name
0,CASIO MJ-12D-BK Desktop Basic  Calculator
1,CASIO Classwiz FX-991EX Scientific  Calculator
2,CASIO FX-82MS Scientific Scientific  Calculator
3,CASIO FX-991ES Plus-2nd Edition Scientific Scientific  ...
4,OREVA OR 240 MS OR 240 MS Scientific  Calculator
5,CASIO FX-350MS 2nd Edition Scientific  Calculator
6,CASIO FX-82ES Plus 2nd Edition Scientific  Calculator
7,CASIO FX-991MS Scientific Scientific  Calculator
8,FLAIR 100 MS Scientific  Calculator
9,CASIO HL-4A Portable Basic  Calculator
10,CASIO MJ-12VCB-RD Desktop Basic  Calculator
11,CASIO MZ-12SA Desktop Basic  Calculator
12,CASIO MJ-12GST Desktop Basic  Calculator
13,CASIO MJ-120D Desktop Basic  Calculator
14,OREVA FX-750MS FX-750 MS Scientific  Calculator
15,BAMBALIO BL82MS 240 Functions & 2 Line Display 3 Years ...
16,CASIO DJ-220DPLUS Desktop Basic  Calculator
17,CASIO FX-100MS 2nd Edition Scientific  Calculator
18,CASIO MJ-120GST Desktop Basic  Calculator
19,CASIO DJ-120D Desktop Basic  Calculator
20,CASIO MJ-100Da Desktop Basic  Calculator
21,OREVA FX 750MS Scientific  Calculator
22,CASIO HL-122TV Portable Basic  Calculator
23,CASIO HL-815L-BK Portable Basic  Calculator
24,OREVA OR400 Basic  Calculator
25,OREVA Check and Correct Basic  Calculator
26,BAMBALIO 8 Digits BL-100 Black Portable pocket calculat...
27,OREVA OR 400 Check & Correct GST Financial  Calculator
28,OREVA SOLAR & BATTERY OPERATED CHECK & CORRECT GST CALC...
29,jito 12 Digits JT-512 White - Grey 1 Year Warranty Basi...
30,OREVA 750 MS Scientific  Calculator
31,BAMBALIO 8 Digits BL-100 Orange Portable Pocket Calcula...
32,BAMBALIO 12 DigitsBL-275 Green Large LC Display 3 Years...
33,CASIO DJ-240DPLUS Desktop Basic  Calculator
34,FLAIR 133618 FC - 290 Basic  Calculator
35,"BAMBALIO BL991-MS 2 Line Display, 401 Function, 3 Years..."
36,BAMBALIO BL-200 Big Display 3Years Warranty Basic  Calc...
37,CASIO SL-1000SC-GY Portable Basic  Calculator
38,CASIO FX-9860GIII Graphic Graphical  Calculator
39,OREVA OR-750 Scientific  Calculator
